ad,06,parroquia de sant julia de loria
ad,05,parroquia d'ordino
ad,04,parroquia de la massana
ad,03,parroquia d'encamp
ad,02,canillo
ad,07,parroquia d'andorra la vella
ad,08,parroquia d'escaldes-engordany
ae,07,umm al qaywayn
ae,05,ra's al khaymah
ae,03,dubai
ae,06,ash shariqah
ae,04,al fujayrah
ae,02,ajman
ae,01,abu dhabi
af,28,zabul
af,27,vardak
af,26,takhar
af,33,sar-e pol
af,32,samangan
af,40,parvan
af,29,paktika
af,36,paktia
af,39,oruzgan
af,19,nimruz
af,18,nangarhar
af,17,lowgar
af,35,laghman
af,24,kunduz
af,34,konar
af,14,kapisa
af,23,kandahar
af,13,kabul
af,31,jowzjan
af,11,herat
af,10,helmand
af,09,ghowr
af,08,ghazni
af,07,faryab
af,06,farah
af,05,bamian
af,30,balkh
af,03,wilayat-e baghlan
af,02,badghis
af,01,badakhshan
af,37,khowst
af,38,nurestan
af,41,wilayat-e daykundi
af,42,panjshir
ag,08,saint philip
ag,07,saint peter
ag,06,saint paul
ag,05,saint mary
ag,04,saint john
ag,03,saint george
ag,09,redonda
ag,01,barbuda
al,40,berat
al,41,diber
al,43,elbasan
al,45,gjirokaster
al,46,korce
al,47,kukes
al,42,durres
al,44,fier
al,48,lezhe
al,49,shkoder
al,50,tirane
al,51,vlore
am,02,ararat
am,08,syunik'i marz
am,10,vayots' dzori marz
am,11,yerevan
am,01,aragatsotn
am,03,armavir
am,04,geghark'unik'i marz
am,05,kotayk'i marz
am,06,lorri
am,07,shirak
am,09,tavush
ao,18,lunda sul
ao,17,lunda norte
ao,14,moxico
ao,04,cuando cubango
ao,16,zaire
ao,15,uige
ao,12,malanje
ao,20,luanda
ao,05,cuanza norte
ao,03,cabinda
ao,19,bengo
ao,13,namibe
ao,09,huila
ao,08,huambo
ao,07,cunene
ao,06,cuanza sul
ao,02,bie
ao,01,benguela
ar,14,misiones
ar,09,formosa
ar,07,buenos aires f.d.
ar,08,entre rios
ar,06,corrientes
ar,01,buenos aires
ar,24,tucuman
ar,23,tierra del fuego
ar,22,santiago del estero
ar,21,santa fe
ar,20,santa cruz
ar,19,san luis
ar,18,san juan
ar,17,salta
ar,16,rio negro
ar,15,neuquen
ar,13,mendoza
ar,12,la rioja
ar,11,la pampa
ar,10,jujuy
ar,05,cordoba
ar,04,chubut
ar,03,chaco
ar,02,catamarca
as,050,western district
as,040,swains island
as,010,eastern district
as,020,manu'a
as,030,rose island
at,09,vienna
at,08,vorarlberg
at,07,tyrol
at,06,styria
at,05,salzburg
at,04,upper austria
at,03,lower austria
at,02,carinthia
at,01,burgenland
au,08,western australia
au,05,south australia
au,03,northern territory
au,07,victoria
au,06,tasmania
au,04,queensland
au,02,new south wales
au,01,australian capital territory
ax,941,vardoe
ax,771,sund
ax,766,sottunga
ax,736,saltvik
ax,438,lumparland
ax,417,lemland
ax,295,kumlinge
ax,318,koekar
ax,062,foegloe
ax,035,braendoe
ax,478,mariehamn
ax,170,jomala
ax,076,hammarland
ax,065,geta
ax,060,finstroem
ax,043,eckeroe
az,12,beylaqan
az,69,zangilan rayon
az,66,yardimli
az,55,susa
az,49,salyan
az,46,sabirabad
az,45,saatli
az,13,bilasuvar rayon
az,36,neftcala
az,35,nakhichevan
az,32,masalli
az,31,lerik
az,29,lankaran
az,28,lacin
az,43,qubadli
az,24,imisli
az,18,fuezuli
az,14,cabrayil rayonu
az,15,calilabad
az,08,astara
az,64,xocali
az,02,aghjabadi rayon
az,03,agdam
az,07,ali bajramly
az,30,lankaran sahari
az,57,tartar rayon
az,61,xankandi sahari
az,65,xocavand rayonu
az,71,zardab
az,70,zaqatala
az,67,yevlax
az,37,oguz
az,59,ucar
az,58,tovuz
az,50,samaxi
az,47,shaki rayon
az,51,shamkir rayon
az,27,kurdamir rayon
az,38,qabala rayon
az,44,qusar
az,42,quba
az,62,goygol rayon
az,60,xacmaz
az,26,kalbacar rayonu
az,40,qazax
az,21,goranboy
az,39,qakh rayon
az,25,ismayilli
az,22,goeycay
az,17,davachi rayon
az,16,dashkasan rayon
az,10,balakan rayon
az,11,barda rayon
az,09,baki
az,01,abseron
az,06,agsu
az,04,agdas
az,19,gadabay rayon
az,05,agstafa
az,20,ganja city
az,33,mingacevir city
az,34,naftalan
az,41,qobustan
az,52,samux
az,48,shaki city
az,53,siazan rayon
az,54,sumqayit
az,63,xizi
az,68,yevlax city
az,23,haciqabul
az,75,naxcivan sahari
ba,01,federation of bosnia and herzegovina
ba,02,republika srpska
ba,brc,brcko
bb,11,saint thomas
bb,10,saint philip
bb,09,saint peter
bb,08,saint michael
bb,07,saint lucy
bb,06,saint joseph
bb,05,saint john
bb,04,saint james
bb,03,saint george
bb,02,saint andrew
bb,01,christ church
bd,83,rajshahi
bd,81,dhaka
bd,84,chittagong
bd,82,khulna
bd,85,barisal
bd,86,sylhet
bd,87,rangpur division
be,bru,brussels capital
be,wal,walloon
be,vlg,flemish region
bf,01,boucle du mouhoun
bf,02,cascades
bf,03,centre
bf,04,centre-est
bf,05,centre-nord
bf,06,centre-ouest
bf,07,centre-sud
bf,08,est
bf,09,high-basins
bf,10,nord
bf,11,plateau-central
bf,12,sahel
bf,13,southwest
bg,52,razgrad
bg,47,montana
bg,64,vratsa
bg,61,varna
bg,40,dobrich
bg,58,sofiya
bg,53,ruse
bg,51,plovdiv
bg,50,pleven
bg,49,pernik
bg,48,pazardzhik
bg,46,lovech
bg,43,khaskovo
bg,42,sofia-capital
bg,39,burgas
bg,38,blagoevgrad
bg,41,gabrovo
bg,44,kurdzhali
bg,45,kyustendil
bg,54,shumen
bg,55,silistra
bg,56,sliven
bg,57,smolyan
bg,59,stara zagora
bg,60,turgovishte
bg,62,veliko turnovo
bg,63,vidin
bg,65,yambol
bh,15,muharraq
bh,16,manama
bh,17,southern governorate
bh,18,central governorate
bh,19,northern
bi,17,makamba
bi,10,bururi
bi,22,muramvya
bi,13,gitega
bi,21,ruyigi
bi,11,cankuzo
bi,14,karuzi
bi,09,bubanza
bi,12,cibitoke
bi,19,ngozi
bi,15,kayanza
bi,18,muyinga
bi,16,kirundo
bi,20,rutana
bi,23,mwaro
bi,24,bujumbura mairie
bi,25,bujumbura rural
bj,18,zou
bj,16,queme
bj,15,mono
bj,10,borgou
bj,09,atlantique
bj,08,atakora
bj,07,alibori
bj,11,collines
bj,12,kouffo
bj,13,donga
bj,14,littoral
bj,17,plateau
bm,11,warwick
bm,10,southampton
bm,09,smith's parish
bm,08,sandys
bm,07,saint george's parish
bm,06,saint george
bm,05,pembroke
bm,04,paget
bm,02,hamilton parish
bm,03,hamilton city
bm,01,devonshire
bn,04,tutong
bn,03,temburong
bn,02,brunei and muara
bn,01,belait
bo,09,tarija
bo,08,santa cruz
bo,07,potosi
bo,06,pando
bo,05,oruro
bo,04,la paz
bo,02,cochabamba
bo,01,chuquisaca
bo,03,el beni
bq,bo,bonaire
bq,sb,saba
bq,se,sint eustatius
br,22,rio grande do norte
br,20,piaui
br,30,pernambuco
br,17,paraiba
br,16,para
br,13,maranhao
br,06,ceara
br,03,amapa
br,02,alagoas
br,28,sergipe
br,27,sao paulo
br,26,santa catarina
br,23,rio grande do sul
br,21,rio de janeiro
br,18,parana
br,15,minas gerais
br,11,mato grosso do sul
br,14,mato grosso
br,29,goias
br,07,federal
br,08,espirito santo
br,05,bahia
br,31,tocantins
br,25,roraima
br,04,amazonas
br,01,acre
br,24,rondonia
bs,35,san salvador
bs,34,sandy point
bs,18,ragged island
bs,32,berry islands
bs,23,new providence
bs,16,mayaguana
bs,31,marsh harbour
bs,15,long island district
bs,30,kemps bay
bs,13,inagua district
bs,29,high rock
bs,22,harbour island
bs,28,green turtle cay
bs,26,fresh creek
bs,25,freeport
bs,10,exuma
bs,06,cat island district
bs,05,bimini
bs,24,acklins
bs,36,black point
bs,37,central abaco
bs,38,central andros
bs,39,central eleuthera
bs,40,crooked island and long cay
bs,41,east grand bahama
bs,42,grand cay
bs,43,hope town
bs,44,mangrove cay district
bs,45,moore's island
bs,46,north abaco
bs,47,north andros
bs,48,north eleuthera
bs,49,rum cay district
bs,50,south abaco
bs,51,south andros district
bs,52,south eleuthera district
bs,53,spanish wells
bs,54,west grand bahama
bt,05,bumthang
bt,06,chhukha
bt,08,daga
bt,07,chirang
bt,09,geylegphug
bt,10,ha
bt,11,lhuntshi
bt,12,mongar
bt,13,paro
bt,14,pemagatsel
bt,15,punakha
bt,16,samchi
bt,17,samdrup jongkhar
bt,18,shemgang
bt,19,tashigang
bt,20,thimphu
bt,21,tongsa
bt,22,wangdi phodrang
bt,23,gasa
bt,24,trashi yangste
bw,10,southern
bw,09,south east
bw,08,north east
bw,11,north west
bw,06,kweneng
bw,05,kgatleng
bw,04,kgalagadi
bw,03,ghanzi
bw,01,central
by,07,vitebskaya oblast'
by,06,mogilevskaya oblast'
by,05,minskaja voblasts'
by,04,minsk
by,03,grodnenskaya oblast'
by,02,gomel'skaya oblast'
by,01,brestskaya oblast'
bz,06,toledo
bz,05,stann creek
bz,04,orange walk
bz,03,corozal
bz,02,cayo
bz,01,belize
ca,01,alberta
ca,02,british columbia
ca,03,manitoba
ca,04,new brunswick
ca,13,northwest territories
ca,07,nova scotia
ca,14,nunavut
ca,08,ontario
ca,09,prince edward island
ca,10,quebec
ca,11,saskatchewan
ca,12,yukon
ca,05,newfoundland and labrador
cd,12,south kivu
cd,05,katanga
cd,11,nord kivu
cd,10,maniema
cd,04,kasai-oriental
cd,03,kasai-occidental
cd,09,eastern province
cd,02,equateur
cd,06,kinshasa
cd,08,bas-congo
cd,01,bandundu
cf,14,vakaga
cf,11,ouaka
cf,08,mbomou
cf,05,haut-mbomou
cf,03,haute-kotto
cf,02,basse-kotto
cf,01,bamingui-bangoran
cf,16,sangha-mbaere
cf,13,ouham-pende
cf,12,ouham
cf,17,ombella-mpoko
cf,09,nana-mambere
cf,07,lobaye
cf,06,kemo
cf,04,mambere-kadei
cf,15,nana-grebizi
cf,18,bangui
cg,10,sangha
cg,11,pool
cg,08,plateaux
cg,07,niari
cg,06,likouala
cg,05,lekoumou
cg,04,kouilou
cg,13,cuvette
cg,01,bouenza
cg,12,brazzaville
cg,14,cuvette-ouest
cg,7280295,pointe-noire
ch,zh,zurich
ch,zg,zug
ch,vd,vaud
ch,vs,valais
ch,ur,uri
ch,ti,ticino
ch,tg,thurgau
ch,so,solothurn
ch,sz,schwyz
ch,sh,schaffhausen
ch,sg,saint gallen
ch,ow,obwalden
ch,nw,nidwalden
ch,ne,neuchatel
ch,lu,lucerne
ch,ju,jura
ch,gr,grisons
ch,gl,glarus
ch,ge,geneva
ch,fr,fribourg
ch,be,bern
ch,bs,basel-city
ch,bl,basel-landschaft
ch,ar,appenzell ausserrhoden
ch,ai,appenzell innerrhoden
ch,ag,aargau
ci,82,lagunes
ci,89,sud-comoe
ci,74,agneby
ci,80,haut-sassandra
ci,87,savanes
ci,90,vallee du bandama
ci,85,moyen-comoe
ci,78,dix-huit montagnes
ci,81,lacs
ci,92,zanzan
ci,76,bas-sassandra
ci,91,worodougou
ci,77,denguele
ci,88,sud-bandama
ci,79,fromager
ci,86,n'zi-comoe
ci,83,marahoue
ci,84,moyen-cavally
ci,75,bafing
cl,01,valparaiso
cl,15,tarapaca
cl,12,santiago metropolitan
cl,11,maule
cl,14,los lagos
cl,08,o'higgins
cl,07,coquimbo
cl,06,biobio
cl,05,atacama
cl,04,araucania
cl,03,antofagasta
cl,02,aisen
cl,10,magallanes
cl,16,arica y parinacota
cl,17,los rios
cm,09,south-west province
cm,14,south province
cm,08,west
cm,07,north-west province
cm,13,north province
cm,05,littoral
cm,12,far north
cm,04,east
cm,11,centre
cm,10,adamaoua
cn,14,tibet autonomous region
cn,06,qinghai sheng
cn,13,xinjiang uygur zizhiqu
cn,02,zhejiang sheng
cn,29,yunnan
cn,28,tianjin shi
cn,32,sichuan
cn,24,shanxi sheng
cn,23,shanghai shi
cn,25,shandong sheng
cn,26,shaanxi
cn,21,ningxia huizu zizhiqu
cn,03,jiangxi sheng
cn,04,jiangsu sheng
cn,11,hunan
cn,12,hubei
cn,09,henan sheng
cn,10,hebei
cn,31,hainan
cn,18,guizhou sheng
cn,16,guangxi zhuangzu zizhiqu
cn,30,guangdong
cn,15,gansu sheng
cn,07,fujian
cn,33,chongqing shi
cn,01,anhui sheng
cn,20,inner mongolia
cn,19,liaoning
cn,05,jilin sheng
cn,08,heilongjiang sheng
cn,22,beijing
co,31,vichada
co,30,vaupes
co,29,valle del cauca
co,28,tolima
co,27,sucre
co,26,santander
co,25,archipielago de san andres  providencia y santa catalina
co,24,risaralda
co,23,quindio
co,22,putumayo
co,21,norte de santander
co,20,narino
co,19,meta
co,38,magdalena
co,17,la guajira
co,16,huila
co,14,guaviare
co,15,guainia
co,33,cundinamarca
co,12,cordoba
co,11,choco
co,10,cesar
co,09,cauca
co,32,casanare
co,08,caqueta
co,37,caldas
co,36,boyaca
co,35,bolivar
co,34,bogota d.c.
co,04,atlantico
co,03,arauca
co,02,antioquia
co,01,amazonas
cr,08,san jose
cr,07,puntarenas
cr,06,limon
cr,04,heredia
cr,03,guanacaste
cr,02,cartago
cr,01,alajuela
cu,16,villa clara
cu,15,santiago de cuba
cu,14,sancti spiritus
cu,01,pinar del rio
cu,03,matanzas
cu,13,las tunas
cu,04,isla de la juventud
cu,12,holguin
cu,10,guantanamo
cu,09,granma
cu,02,provincia de la habana
cu,08,cienfuegos
cu,07,ciego de avila
cu,05,camaguey
cu,ar,artemisa province
cu,ma,mayabeque
cv,20,tarrafal
cv,11,sao vicente
cv,15,santa catarina
cv,08,sal
cv,07,ribeira grande
cv,14,praia
cv,05,paul
cv,04,maio
cv,02,brava
cv,01,boa vista
cv,13,mosteiros
cv,16,santa cruz
cv,17,sao domingos
cv,18,sao filipe
cv,19,sao miguel
cv,21,porto novo
cv,22,ribeira brava
cv,24,santa catarina do fogo
cv,26,sao salvador do mundo
cv,27,tarrafal de sao nicolau
cv,25,concelho de sao lourenco dos orgaos
cv,23,ribeira grande de santiago
cy,06,pafos
cy,04,lefkosia
cy,05,limassol
cy,03,larnaka
cy,02,keryneia
cy,01,ammochostos
cz,52,praha
cz,78,south moravian
cz,79,jihocesky
cz,80,vysocina
cz,81,karlovarsky
cz,82,kralovehradecky
cz,83,liberecky
cz,84,olomoucky
cz,85,moravskoslezsky
cz,86,pardubicky
cz,87,plzensky
cz,88,central bohemia
cz,89,ustecky
cz,90,zlin region
de,15,thuringia
de,10,schleswig-holstein
de,14,saxony-anhalt
de,13,saxony
de,09,saarland
de,08,rheinland-pfalz
de,07,north rhine-westphalia
de,06,lower saxony
de,12,mecklenburg-vorpommern
de,05,hesse
de,04,hamburg
de,03,bremen
de,11,brandenburg
de,16,berlin
de,02,bavaria
de,01,baden-wuerttemberg
dj,05,tadjourah
dj,04,obock
dj,07,djibouti
dj,06,dikhil
dj,01,ali sabieh
dj,08,arta
dk,17,capital region
dk,18,central jutland
dk,19,north denmark
dk,20,zealand
dk,21,south denmark
dm,11,saint peter
dm,10,saint paul
dm,09,saint patrick
dm,08,saint mark
dm,07,saint luke
dm,06,saint joseph
dm,05,saint john
dm,04,saint george
dm,03,saint david
dm,02,saint andrew
do,27,valverde
do,26,santiago rodriguez
do,25,santiago
do,24,san pedro de macoris
do,23,san juan
do,33,san cristobal
do,21,sanchez ramirez
do,20,samana
do,19,hermanas mirabal
do,18,puerto plata
do,35,peravia
do,16,pedernales
do,34,distrito nacional
do,32,monte plata
do,15,monte cristi
do,31,monsenor nouel
do,14,maria trinidad sanchez
do,30,la vega
do,12,la romana
do,10,la altagracia
do,09,independencia
do,29,hato mayor
do,08,espaillat
do,28,el seibo
do,11,elias pina
do,06,duarte
do,04,dajabon
do,03,barahona
do,02,baoruco
do,01,azua
do,36,san jose de ocoa
do,37,santo domingo
dz,15,tlemcen
dz,14,tizi ouzou
dz,56,tissemsilt
dz,55,tipaza
dz,54,tindouf
dz,13,tiaret
dz,33,tebessa
dz,53,tamanghasset
dz,52,souk ahras
dz,31,skikda
dz,30,sidi bel abbes
dz,12,setif
dz,10,saida
dz,51,relizane
dz,29,oum el bouaghi
dz,50,ouargla
dz,09,oran
dz,49,wilaya de naama
dz,27,wilaya de m'sila
dz,07,mostaganem
dz,48,mila
dz,06,medea
dz,26,mascara
dz,25,laghouat
dz,47,khenchela
dz,24,jijel
dz,46,illizi
dz,23,guelma
dz,45,ghardaia
dz,44,el tarf
dz,43,el oued
dz,42,el bayadh
dz,22,djelfa
dz,04,constantine
dz,41,chlef
dz,40,boumerdes
dz,21,bouira
dz,39,bordj bou arreridj
dz,20,blida
dz,19,biskra
dz,18,bejaia
dz,38,bechar
dz,03,batna
dz,37,annaba
dz,01,alger
dz,36,ain temouchent
dz,35,ain defla
dz,34,adrar
ec,20,zamora-chinchipe
ec,19,tungurahua
ec,18,pichincha
ec,17,pastaza
ec,23,napo
ec,15,morona-santiago
ec,14,manabi
ec,13,los rios
ec,12,loja
ec,11,imbabura
ec,10,guayas
ec,01,galapagos
ec,09,esmeraldas
ec,08,el oro
ec,07,cotopaxi
ec,06,chimborazo
ec,05,carchi
ec,04,canar
ec,03,bolivar
ec,02,azuay
ec,22,sucumbios
ec,24,orellana
ec,26,santo domingo de los tsachilas
ec,25,santa elena
ee,21,vorumaa
ee,20,viljandimaa
ee,19,valgamaa
ee,18,tartu
ee,14,saare
ee,13,raplamaa
ee,12,polvamaa
ee,11,parnumaa
ee,08,laane-virumaa
ee,07,laeaene
ee,05,jogevamaa
ee,04,jarvamaa
ee,03,ida-virumaa
ee,02,hiiumaa
ee,01,harju
eg,24,suhaj
eg,27,muhafazat shamal sina'
eg,23,qina
eg,22,matruh
eg,21,kafr ash shaykh
eg,26,south sinai governorate
eg,20,dumyat
eg,19,bur sa'id
eg,18,bani suwayf
eg,17,asyut
eg,16,aswan
eg,15,as suways
eg,14,eastern province
eg,13,al wadi al jadid
eg,12,al qalyubiyah
eg,11,al qahirah
eg,10,al minya
eg,09,al minufiyah
eg,08,al jizah
eg,07,al isma'iliyah
eg,06,alexandria
eg,05,al gharbiyah
eg,04,al fayyum
eg,03,al buhayrah
eg,02,red sea governorate
eg,01,ad daqahliyah
eg,28,muhafazat al uqsur
eh,ce,oued ed-dahab-lagouira
er,01,anseba
er,02,debub
er,03,southern red sea region
er,04,gash barka
er,05,maekel region
er,06,northern red sea region
es,31,murcia
es,ce,ceuta
es,07,balearic islands
es,51,andalusia
es,53,canary islands
es,54,castille-la mancha
es,57,extremadura
es,60,valencia
es,34,asturias
es,32,navarre
es,29,madrid
es,27,la rioja
es,39,cantabria
es,52,aragon
es,55,castille and leon
es,56,catalonia
es,58,galicia
es,59,basque country
es,ml,melilla
et,44,adis abeba
et,45,afar
et,46,amhara
et,47,binshangul gumuz
et,48,dire dawa
et,49,gambela
et,50,harari
et,51,oromiya
et,52,somali
et,53,tigray
et,54,southern nations  nationalities  and people's region
fi,08,oulu
fi,06,lapponia
fi,13,southern finland
fi,14,eastern finland
fi,15,western finland
fj,05,western
fj,03,northern
fj,01,central
fj,02,eastern
fj,04,rotuma
fj,8617786,kadavu
fm,04,yap
fm,02,pohnpei
fm,01,kosrae
fm,03,chuuk
fo,vg,vagar
fo,su,suduroy
fo,st,streymoy
fo,sa,sandoy
fo,no,nordoyar
fo,os,eysturoy
fr,b9,rhone-alpes
fr,b8,provence-alpes-cote d'azur
fr,b7,poitou-charentes
fr,b6,picardie
fr,b5,pays de la loire
fr,b4,nord-pas-de-calais
fr,b3,midi-pyrenees
fr,b2,lorraine
fr,b1,limousin
fr,a9,languedoc-roussillon
fr,a8,ile-de-france
fr,a7,upper normandy
fr,a6,franche-comte
fr,a5,corsica
fr,a4,champagne-ardenne
fr,a3,centre
fr,a2,brittany
fr,a1,bourgogne
fr,99,lower normandy
fr,98,auvergne
fr,97,aquitaine
fr,c1,alsace
ga,09,woleu-ntem
ga,08,ogooue-maritime
ga,07,ogooue-lolo
ga,06,ogooue-ivindo
ga,05,nyanga
ga,04,ngounie
ga,03,moyen-ogooue
ga,02,haut-ogooue
ga,01,estuaire
gb,wls,wales
gb,sct,scotland
gb,nir,n ireland
gb,eng,england
gd,06,saint patrick
gd,05,saint mark
gd,04,saint john
gd,03,saint george
gd,02,saint david
gd,01,saint andrew
gd,10,carriacou and petite martinique
ge,51,t'bilisi
ge,04,ajaria
ge,68,kvemo kartli
ge,67,kakheti
ge,65,guria
ge,66,imereti
ge,73,shida kartli
ge,69,mtskheta-mtianeti
ge,70,racha-lechkhumi and kvemo svaneti
ge,71,samegrelo and zemo svaneti
ge,72,samtskhe-javakheti
ge,02,abkhazia
gf,gf,guyane
gg,6417213,saint pierre du bois
gg,6417214,torteval
gg,6417215,saint saviour
gg,6417223,forest
gg,6417224,saint martin
gg,6417226,saint andrew
gg,6417228,saint peter port
gg,6417229,castel
gg,6417230,vale
gg,6417233,saint sampson
gh,09,western
gh,08,volta
gh,11,upper west
gh,10,upper east
gh,06,northern
gh,01,greater accra
gh,05,eastern
gh,04,central
gh,03,brong-ahafo
gh,02,ashanti
gl,05,qaasuitsup
gl,04,kujalleq
gl,06,qeqqata
gl,07,sermersooq
gm,05,western
gm,04,upper river
gm,07,north bank
gm,03,central river
gm,02,lower river
gm,01,banjul
gn,04,conakry
gn,b,boke
gn,f,faranah
gn,k,kankan
gn,d,kindia
gn,l,labe
gn,m,mamou
gn,n,nzerekore
gp,gp,guadeloupe
gq,03,annobon
gq,04,bioko norte
gq,05,bioko sur
gq,06,centro sur
gq,07,kie-ntem
gq,08,litoral
gq,09,wele-nzas
gr,736572,mount athos
gr,esye31,attica
gr,esye24,central greece
gr,esye12,central macedonia
gr,esye43,crete
gr,esye11,east macedonia and thrace
gr,esye21,epirus
gr,esye22,ionian islands
gr,esye41,north aegean
gr,esye25,peloponnese
gr,esye42,south aegean
gr,esye14,thessaly
gr,esye23,west greece
gr,esye13,west macedonia
gt,22,zacapa
gt,21,totonicapan
gt,20,suchitepequez
gt,19,solola
gt,18,santa rosa
gt,17,san marcos
gt,16,sacatepequez
gt,15,retalhuleu
gt,14,quiche
gt,13,quetzaltenango
gt,12,peten
gt,11,jutiapa
gt,10,jalapa
gt,09,izabal
gt,08,huehuetenango
gt,07,guatemala
gt,06,escuintla
gt,05,el progreso
gt,04,chiquimula
gt,03,chimaltenango
gt,02,baja verapaz
gt,01,alta verapaz
gu,pi,piti
gu,sr,santa rita
gu,sj,sinajana
gu,tf,talofofo
gu,tm,tamuning
gu,um,umatac
gu,yg,yigo
gu,yn,yona
gu,me,merizo
gu,ma,mangilao
gu,ah,agana heights
gu,cp,chalan pago-ordot
gu,as,asan
gu,at,agat
gu,dd,dededo
gu,ba,barrigada
gu,an,hagatna
gu,in,inarajan
gu,mt,mongmong-toto-maite
gw,07,tombali
gw,02,quinara
gw,04,oio
gw,10,gabu
gw,06,cacheu
gw,05,bolama and bijagos
gw,11,bissau autonomous region
gw,12,biombo
gw,01,bafata
gy,19,upper takutu-upper essequibo
gy,18,upper demerara-berbice
gy,17,potaro-siparuni
gy,16,pomeroon-supenaam
gy,15,mahaica-berbice
gy,14,essequibo islands-west demerara
gy,13,east berbice-corentyne
gy,12,demerara-mahaica
gy,11,cuyuni-mazaruni
gy,10,barima-waini
hk,nyl,yuen long
hk,ntw,tsuen wan
hk,ntp,tai po
hk,nsk,sai kung
hk,nis,islands
hk,hcw,central and western
hk,hwc,wanchai
hk,hea,eastern
hk,hso,southern
hk,kyt,yau tsim mong
hk,kss,sham shui po
hk,kkc,kowloon city
hk,kwt,wong tai sin
hk,kkt,kwon tong
hk,nkt,kwai tsing
hk,ntm,tuen mun
hk,nno,north
hk,nst,sha tin
hn,18,yoro
hn,17,valle
hn,16,santa barbara
hn,15,olancho
hn,14,ocotepeque
hn,13,lempira
hn,12,la paz
hn,11,bay islands
hn,10,intibuca
hn,09,gracias a dios
hn,08,francisco morazan
hn,07,el paraiso
hn,06,cortes
hn,05,copan
hn,04,comayagua
hn,03,colon
hn,02,choluteca
hn,01,atlantida
hr,01,bjelovarsko-bilogorska
hr,02,brodsko-posavska
hr,03,dubrovacko-neretvanska
hr,04,istarska
hr,05,karlovacka
hr,06,koprivnicko-krizevacka
hr,07,krapinsko-zagorska
hr,08,licko-senjska
hr,09,medimurska
hr,10,osjecko-baranjska
hr,11,pozesko-slavonska
hr,12,primorsko-goranska
hr,13,sibensko-kniniska
hr,14,sisacko-moslavacka
hr,15,splitsko-dalmatinska
hr,16,varazdinska
hr,18,vukovarsko-srijemska
hr,19,zadarska
hr,20,zagrebacka
hr,21,grad zagreb
hr,17,virovitick-podravska
ht,13,sud-est
ht,12,sud
ht,11,ouest
ht,03,nord-ouest
ht,10,nord-est
ht,09,nord
ht,14,departement de la grand'anse
ht,07,centre
ht,06,artibonite
ht,15,nippes
hu,18,szabolcs-szatmar-bereg
hu,20,jasz-nagykun-szolnok
hu,11,heves
hu,10,hajdu-bihar
hu,06,csongrad
hu,04,borsod-abauj-zemplen
hu,03,bekes
hu,24,zala
hu,23,veszprem
hu,22,vas
hu,21,tolna
hu,17,somogy
hu,16,pest
hu,14,nograd
hu,12,komarom-esztergom
hu,09,gyor-moson-sopron
hu,08,fejer
hu,05,budapest
hu,02,baranya
hu,01,bacs-kiskun
id,26,north sumatra
id,01,aceh
id,10,daerah istimewa yogyakarta
id,32,south sumatra
id,24,west sumatra
id,31,north sulawesi
id,22,sulawesi tenggara
id,21,central sulawesi
id,38,south sulawesi
id,37,riau
id,18,east nusa tenggara
id,17,west nusa tenggara
id,28,maluku
id,15,lampung
id,14,east kalimantan
id,13,kalimantan tengah
id,12,south kalimantan
id,11,west kalimantan
id,08,east java
id,07,central java
id,30,west java
id,05,jambi
id,04,jakarta raya
id,36,papua
id,03,bengkulu
id,02,bali
id,33,banten
id,34,gorontalo
id,35,bangka-belitung
id,29,maluku utara
id,39,west papua
id,41,sulawesi barat
id,40,riau islands
id,42,north kalimantan
ie,c,connaught
ie,l,leinster
ie,m,munster
ie,u,ulster
il,06,jerusalem district
il,05,tel aviv
il,04,haifa district
il,03,northern district
il,02,central district
il,01,southern district
in,28,bengal
in,36,uttar pradesh
in,26,tripura
in,25,tamil nadu
in,29,sikkim
in,24,rajasthan
in,23,punjab
in,22,pondicherry
in,21,orissa
in,20,nagaland
in,31,mizoram
in,18,meghalaya
in,17,manipur
in,16,maharashtra
in,35,madhya pradesh
in,14,laccadives
in,13,kerala
in,19,karnataka
in,12,kashmir
in,11,himachal pradesh
in,10,haryana
in,09,gujarat
in,32,daman and diu
in,33,goa
in,07,nct
in,06,dadra and nagar haveli
in,05,chandigarh
in,34,bihar
in,03,assam
in,30,arunachal pradesh
in,02,andhra pradesh
in,01,andaman and nicobar islands
in,37,chhattisgarh
in,38,jharkhand
in,39,uttarakhand
iq,02,al basrah
iq,16,wasit
iq,18,salah ad din
iq,15,ninawa
iq,14,maysan
iq,12,muhafazat karbala'
iq,11,arbil
iq,10,diyala province
iq,09,dhi qar
iq,08,dahuk
iq,07,mayorality of baghdad
iq,06,babil
iq,13,muhafazat kirkuk
iq,05,as sulaymaniyah
iq,17,an najaf
iq,04,al qadisiyah
iq,03,al muthanna
iq,01,anbar
ir,26,tehran
ir,36,zanjan
ir,40,yazd
ir,25,semnan
ir,35,mazandaran
ir,34,markazi
ir,23,lorestan
ir,16,kordestan
ir,05,kohgiluyeh va buyer ahmad
ir,15,khuzestan
ir,13,kermanshah
ir,29,kerman
ir,10,ilam
ir,11,hormozgan
ir,09,hamadan
ir,08,gilan
ir,07,fars
ir,03,chahar mahall va bakhtiari
ir,22,bushehr
ir,33,east azarbaijan
ir,01,azarbayjan-e gharbi
ir,32,ardabil
ir,28,ostan-e esfahan
ir,37,golestan
ir,38,qazvin
ir,39,qom
ir,04,sistan va baluchestan
ir,41,khorasan-e jonubi
ir,42,razavi khorasan
ir,43,khorasan-e shomali
ir,44,alborz
is,41,northwest
is,40,northeast
is,38,east
is,42,south
is,39,capital region
is,43,southern peninsula
is,45,west
is,44,westfjords
it,15,sicily
it,14,sardinia
it,03,calabria
it,20,veneto
it,19,aosta valley
it,18,umbria
it,17,trentino-alto adige
it,16,tuscany
it,13,apulia
it,12,piedmont
it,11,molise
it,10,the marches
it,09,lombardy
it,08,liguria
it,07,latium
it,06,friuli venezia giulia
it,05,emilia-romagna
it,04,campania
it,02,basilicate
it,01,abruzzo
je,3237072,st clement
je,3237073,saint saviour
je,3237200,saint brelade
je,3237203,grouville
je,3237212,saint mary
je,3237214,saint lawrence
je,3237221,saint peter
je,3237229,saint ouen
je,3237497,saint john
je,3237530,trinity
je,3237716,saint martin
je,3237864,saint helier
jm,16,westmoreland
jm,15,trelawny
jm,14,saint thomas
jm,13,saint mary
jm,12,saint james
jm,11,st. elizabeth
jm,10,saint catherine
jm,09,saint ann
jm,08,saint andrew
jm,07,portland
jm,04,manchester
jm,17,kingston
jm,02,hanover parish
jm,01,clarendon
jo,19,ma'an
jo,18,irbid
jo,17,zarqa
jo,12,tafielah
jo,16,amman
jo,15,mafraq
jo,09,karak
jo,02,balqa
jo,20,ajlun
jo,22,jerash
jo,21,aqaba
jo,23,madaba
jp,46,yamanashi
jp,45,yamaguchi
jp,43,wakayama
jp,42,toyama
jp,41,tottori
jp,40,tokyo
jp,39,tokushima
jp,38,tochigi
jp,37,shizuoka prefecture
jp,36,shimane
jp,35,shiga
jp,34,saitama
jp,33,saga
jp,32,osaka
jp,47,okinawa
jp,31,okayama
jp,30,oita
jp,29,niigata
jp,28,nara
jp,27,nagasaki
jp,26,nagano
jp,25,miyazaki
jp,23,mie
jp,22,kyoto
jp,21,kumamoto
jp,20,kochi
jp,19,kanagawa
jp,18,kagoshima
jp,17,kagawa
jp,15,ishikawa
jp,13,hyogo
jp,11,hiroshima
jp,10,gunma
jp,09,gifu
jp,07,fukuoka
jp,06,fukui
jp,05,ehime
jp,01,aichi-ken
jp,44,yamagata
jp,24,miyagi
jp,16,iwate
jp,14,ibaraki
jp,08,fukushima
jp,04,chiba
jp,02,akita
jp,12,hokkaido
jp,03,aomori
ke,55,west pokot
ke,54,wajir
ke,52,uasin gishu
ke,51,turkana
ke,50,trans nzoia
ke,49,tharaka district
ke,48,tana river
ke,46,siaya
ke,45,samburu
ke,05,nairobi area
ke,38,murang'a district
ke,37,mombasa
ke,35,meru
ke,34,marsabit
ke,33,mandera
ke,29,laikipia
ke,28,kwale
ke,27,kitui
ke,26,kisumu
ke,25,kisii
ke,24,kirinyaga
ke,23,kilifi
ke,22,kiambu
ke,21,kericho
ke,20,kakamega
ke,18,isiolo
ke,16,garissa
ke,15,embu
ke,13,busia
ke,12,bungoma
ke,10,baringo
ke,43,nyandarua
ke,53,vihiga
ke,30,lamu
ke,31,machakos
ke,32,makueni
ke,14,marakwet district
ke,47,taita taveta
ke,19,kajiado
ke,44,nyeri
ke,17,homa bay
ke,11,bomet
ke,36,migori
ke,08,keiyo
ke,39,nakuru
ke,41,narok
ke,42,nyamira district
ke,40,nandi
kg,08,osh
kg,09,batken
kg,06,talas
kg,04,naryn
kg,07,ysyk-koel
kg,01,bishkek
kg,03,jalal-abad
kg,02,chuy
kh,12,pouthisat
kh,29,battambang
kh,19,takeo
kh,18,svay rieng
kh,17,stung treng
kh,27,otar meanchey
kh,24,siem reap
kh,23,ratanakiri
kh,14,prey veng
kh,13,preah vihear
kh,22,phnom penh
kh,30,pailin
kh,10,mondolkiri
kh,09,kratie
kh,26,kep
kh,08,kaoh kong
kh,07,kandal
kh,21,kampot
kh,05,kampong thom
kh,04,kampong speu
kh,03,kampong chhnang
kh,02,kampong cham
kh,28,preah sihanouk
kh,25,banteay meanchey
ki,01,gilbert islands
ki,02,line islands
ki,03,phoenix islands
km,03,moheli
km,02,grande comore
km,01,anjouan
kn,15,trinity palmetto point
kn,13,saint thomas middle island
kn,12,saint thomas lowland
kn,11,saint peter basseterre
kn,10,saint paul charlestown
kn,09,saint paul capesterre
kn,08,saint mary cayon
kn,07,saint john figtree
kn,06,saint john capesterre
kn,05,saint james windwa
kn,04,saint george gingerland
kn,03,saint george basseterre
kn,02,saint anne sandy point
kn,01,christ church nichola town
kp,12,pyongyang
kp,15,p'yongan-namdo
kp,11,p'yongan-bukto
kp,09,kangwon-do
kp,06,hwanghae-namdo
kp,07,hwanghae-bukto
kp,03,hamgyong-namdo
kp,13,yanggang-do
kp,17,hamgyong-bukto
kp,01,chagang-do
kp,18,rason
kr,21,ulsan
kr,19,daejeon
kr,15,daegu
kr,11,seoul
kr,10,busan
kr,14,gyeongsangbuk-do
kr,13,gyeonggi-do
kr,18,gwangju
kr,06,gangwon-do
kr,12,incheon
kr,17,chungcheongnam-do
kr,05,chungcheongbuk-do
kr,16,jeollanam-do
kr,03,jeollabuk-do
kr,01,jeju-do
kr,20,gyeongsangnam-do
kr,22,sejong
kw,08,hawalli
kw,02,al asimah
kw,05,muhafazat al jahra'
kw,07,al farwaniyah
kw,04,al ahmadi governorate
kw,09,muhafazat mubarak al kabir
kz,07,batys qazaqstan
kz,09,mangghystau
kz,06,atyrau
kz,04,aqtoebe
kz,15,east kazakhstan
kz,03,aqmola
kz,16,soltustik qazaqstan
kz,11,pavlodar
kz,14,qyzylorda
kz,13,qostanay
kz,12,qaraghandy
kz,17,zhambyl
kz,10,ongtustik qazaqstan
kz,02,almaty qalasy
kz,01,almaty oblysy
kz,08,bayqongyr qalasy
kz,05,astana qalasy
la,14,xiangkhoang
la,13,xiagnabouli
la,27,vientiane
la,20,savannahkhet
la,19,salavan
la,18,phongsali
la,07,oudomxai
la,17,louangphabang
la,16,loungnamtha
la,15,khammouan
la,03,houaphan
la,02,champasak
la,01,attapu
la,26,xekong
la,22,bokeo
la,23,bolikhamxai
la,24,vientiane
lb,05,mont-liban
lb,04,beyrouth
lb,09,liban-nord
lb,06,liban-sud
lb,08,beqaa
lb,07,nabatiye
lb,10,aakkar
lb,11,baalbek-hermel
lc,10,vieux-fort
lc,09,soufriere
lc,11,praslin
lc,08,micoud
lc,07,laborie
lc,06,gros-islet
lc,05,dennery
lc,02,dauphin
lc,04,choiseul
lc,03,castries
lc,01,anse-la-raye
li,11,vaduz
li,10,triesenberg
li,09,triesen
li,08,schellenberg
li,07,schaan
li,06,ruggell
li,05,planken
li,04,mauren
li,03,gamprin
li,02,eschen
li,01,balzers
lk,36,western
lk,35,uva
lk,34,southern
lk,33,sabaragamuwa
lk,32,north western
lk,30,north central
lk,29,central
lk,38,northern province
lk,37,eastern province
lr,10,sinoe
lr,09,nimba
lr,14,montserrado
lr,13,maryland
lr,20,lofa
lr,19,grand gedeh
lr,12,grand cape mount
lr,11,grand bassa
lr,01,bong
lr,15,bomi
lr,16,grand kru
lr,17,margibi
lr,18,river cess
lr,21,gbarpolu
lr,22,river gee
ls,19,thaba-tseka
ls,18,quthing
ls,17,qacha's nek
ls,16,mokhotlong
ls,15,mohale's hoek district
ls,14,maseru
ls,13,mafeteng
ls,12,leribe
ls,11,butha-buthe
ls,10,berea
lt,56,alytaus apskritis
lt,57,kauno apskritis
lt,58,klaipedos apskritis
lt,59,marijampoles apskritis
lt,60,panevezio apskritis
lt,61,siauliu apskritis
lt,62,taurages apskritis
lt,63,telsiu apskritis
lt,64,utenos apskritis
lt,65,vilniaus apskritis
lu,03,luxembourg
lu,02,grevenmacher
lu,01,diekirch
lv,33,ventspils rajons
lv,32,ventspils
lv,31,valmieras rajons
lv,30,valkas rajons
lv,29,tukuma rajons
lv,28,talsu rajons
lv,27,saldus rajons
lv,25,riga
lv,24,rezeknes rajons
lv,23,rezekne
lv,22,preilu rajons
lv,21,ogre
lv,20,madonas rajons
lv,19,ludzas rajons
lv,18,limbazu rajons
lv,16,liepaja
lv,15,kuldigas rajons
lv,14,kraslavas rajons
lv,13,jurmala
lv,12,jelgavas rajons
lv,11,jelgava
lv,10,jekabpils rajons
lv,09,gulbenes rajons
lv,08,dobeles rajons
lv,07,daugavpils
lv,06,daugavpils
lv,05,cesu rajons
lv,04,bauskas rajons
lv,03,balvu rajons
lv,02,aluksnes rajons
lv,01,aizkraukles rajons
lv,60,dundagas novads
lv,40,alsungas novads
lv,a5,pavilostas
lv,99,nica
lv,b6,rucavas
lv,65,grobina
lv,61,durbes novads
lv,37,aizpute
lv,a8,priekule
lv,d7,vainode
lv,c9,skrunda
lv,51,brocenu novads
lv,b4,rojas
lv,77,kandava
lv,44,auces novads
lv,73,jaunpils
lv,62,engures novads
lv,d5,tervete
lv,a3,ozolnieku
lv,b9,rundales
lv,45,babites novads
lv,95,marupe
lv,a2,olaine
lv,67,lecava
lv,80,kekava
lv,c3,salaspils
lv,46,baldones novads
lv,d2,stopini
lv,53,carnikavas novads
lv,34,adazi
lv,64,garkalne
lv,e4,vecumnieki
lv,79,kegums
lv,87,lielvarde
lv,c8,skriveri
lv,71,jaunjelgava
lv,98,nereta
lv,e6,viesite
lv,c2,salas
lv,74,jekabpils
lv,38,aknistes novads
lv,69,ilukstes novads
lv,e2,varkava
lv,90,livani
lv,e1,varaklani
lv,e8,vilanu
lv,b3,riebinu
lv,35,aglona
lv,56,ciblas novads
lv,e9,zilupes
lv,e7,vilaka
lv,47,baltinavas novads
lv,57,dagdas novads
lv,78,karsava
lv,b7,rugaju
lv,55,cesvaines novads
lv,91,lubana
lv,85,krustpils
lv,a6,plavinu
lv,82,koknese
lv,68,ikskile
lv,b5,ropazu
lv,70,incukalns
lv,84,krimulda
lv,c7,sigulda
lv,88,ligatne
lv,94,malpils
lv,c6,seja
lv,c5,saulkrastu
lv,c1,salacgrivas
lv,39,alojas novads
lv,97,naukseni
lv,b8,rujienas
lv,96,mazsalaca
lv,52,burtnieku novads
lv,a4,pargaujas
lv,81,kocenu novads
lv,42,amatas novads
lv,a9,priekuli
lv,b1,raunas
lv,d3,strenci
lv,50,beverinas novads
lv,d1,smiltene
lv,72,jaunpiebalga
lv,63,ergli
lv,e3,vecpiebalga
lv,43,apes novads
lv,f1,mesraga
ly,70,darnah
ly,69,banghazi
ly,66,al marj
ly,65,al kufrah
ly,63,al jabal al akhdar
ly,77,tarabulus
ly,76,surt
ly,75,sabha
ly,74,sha`biyat nalut
ly,73,murzuq
ly,72,misratah
ly,71,sha`biyat ghat
ly,68,az zawiyah
ly,78,sha`biyat wadi ash shati'
ly,64,al jufrah
ly,67,an nuqat al khams
ly,79,sha`biyat al butnan
ly,80,sha`biyat al jabal al gharbi
ly,81,sha`biyat al jafarah
ly,82,al marqab
ly,83,sha`biyat al wahat
ly,84,sha`biyat wadi al hayat
ma,49,rabat-sale-zemmour-zaer
ma,48,meknes-tafilalet
ma,47,marrakech-tensift-al haouz
ma,46,fes-boulemane
ma,45,grand casablanca
ma,50,chaouia-ouardigha
ma,51,doukkala-abda
ma,52,gharb-chrarda-beni hssen
ma,53,guelmim-es smara
ma,54,oriental
ma,55,souss-massa-draa
ma,56,tadla-azilal
ma,57,tanger-tetouan
ma,58,taza-al hoceima-taounate
ma,59,laayoune-boujdour-sakia el hamra
ma,eh,oued ed dahab-lagouira
mc,00,commune de monaco
md,73,raionul edinet
md,92,ungheni
md,91,raionul telenesti
md,90,raionul taraclia
md,88,stefan-voda
md,89,straseni
md,87,raionul soroca
md,84,raionul riscani
md,83,raionul rezina
md,82,raionul orhei
md,81,raionul ocnita
md,59,raionul anenii noi
md,80,raionul nisporeni
md,79,raionul leova
md,85,raionul singerei
md,69,raionul criuleni
md,78,raionul ialoveni
md,57,chisinau
md,67,causeni
md,65,raionul cantemir
md,66,calarasi
md,64,cahul
md,76,raionul glodeni
md,75,raionul floresti
md,74,raionul falesti
md,72,dubasari
md,71,drochia
md,70,raionul donduseni
md,68,raionul cimislia
md,63,raionul briceni
md,61,raionul basarabeasca
md,77,raionul hincesti
md,86,raionul soldanesti
md,58,stinga nistrului
md,51,gagauzia
md,62,bender
md,60,balti
me,17,opstina rozaje
me,21,opstina zabljak
me,20,ulcinj
me,19,tivat
me,16,podgorica
me,18,opstina savnik
me,15,opstina pluzine
me,14,pljevlja
me,13,opstina plav
me,12,opstina niksic
me,11,mojkovac
me,10,kotor
me,09,opstina kolasin
me,03,berane
me,08,herceg novi
me,07,danilovgrad
me,06,cetinje
me,05,budva
me,04,bijelo polje
me,02,bar
me,01,andrijevica
mg,7670842,diana
mg,7670846,sava
mg,7670847,sofia
mg,7670848,analanjirofo
mg,7670849,boeny
mg,7670850,betsiboka
mg,7670851,alaotra mangoro
mg,7670852,melaky
mg,7670853,bongolava
mg,7670854,vakinankaratra
mg,7670855,itasy
mg,7670856,analamanga
mg,7670857,atsinanana
mg,7670902,menabe
mg,7670904,amoron'i mania
mg,7670905,upper matsiatra
mg,7670906,vatovavy fitovinany
mg,7670907,ihorombe
mg,7670908,atsimo-atsinanana
mg,7670910,anosy
mg,7670911,androy
mg,7670913,atsimo-andrefana
mh,007,ailinginae atoll
mh,010,ailinglaplap atoll
mh,030,ailuk atoll
mh,040,arno atoll
mh,050,aur atoll
mh,060,bikar atoll
mh,070,bikini atoll
mh,080,ebon atoll
mh,090,enewetak atoll
mh,100,erikub atoll
mh,120,jaluit atoll
mh,150,kwajalein atoll
mh,160,lae atoll
mh,180,likiep atoll
mh,190,majuro atoll
mh,300,maloelap atoll
mh,320,mili atoll
mh,330,namdrik atoll
mh,340,namu atoll
mh,350,rongelap atoll
mh,360,rongrik atoll
mh,385,taka atoll
mh,073,bokak atoll
mh,390,ujae atoll
mh,400,ujelang
mh,410,utrik atoll
mh,420,wotho atoll
mh,430,wotje atoll
mh,110,jabat island
mh,130,jemo island
mh,140,kili island
mh,170,lib island
mh,310,mejit island
mk,e9,valandovo
mk,86,resen
mk,51,kratovo
mk,78,pehcevo
mk,72,novo selo
mk,11,bosilovo
mk,a9,vasilevo
mk,e5,dojran
mk,08,bogdanci
mk,47,konce
mk,62,makedonska kamenica
mk,c6,zrnovci
mk,40,karbinci
mk,25,demir kapija
mk,87,rosoman
mk,35,gradsko
mk,60,lozovo
mk,19,cesinovo
mk,e1,novaci
mk,04,berovo
mk,06,bitola
mk,d9,mogila
mk,01,aracinovo
mk,c7,bogovinje
mk,12,brvenica
mk,c8,cair
mk,c9,caska
mk,d1,centar
mk,18,centar zupa
mk,20,cucer-sandevo
mk,d2,debar
mk,22,delcevo
mk,d3,demir hisar
mk,28,dolneni
mk,29,opstina gjorce petrov
mk,30,drugovo
mk,32,gazi baba
mk,33,gevgelija
mk,d4,gostivar
mk,36,ilinden
mk,d5,jegunovce
mk,41,karpos
mk,d6,kavadarci
mk,43,kicevo
mk,44,kisela voda
mk,46,kocani
mk,52,kriva palanka
mk,53,krivogastani
mk,54,krusevo
mk,d7,kumanovo
mk,59,opstina lipkovo
mk,d8,makedonski brod
mk,69,negotino
mk,e2,ohrid
mk,77,oslomej
mk,79,petrovec
mk,80,plasnica
mk,e3,prilep
mk,83,probistip
mk,84,radovis
mk,85,opstina rankovce
mk,e4,opstina rostusa
mk,90,saraj
mk,92,sopiste
mk,97,staro nagoricane
mk,98,stip
mk,e6,struga
mk,e7,strumica
mk,a2,studenicani
mk,a3,suto orizari
mk,a4,sveti nikole
mk,a5,tearce
mk,e8,tetovo
mk,f1,veles
mk,b3,vevcani
mk,b4,vinica
mk,b6,vranestica
mk,b7,vrapciste
mk,c1,zajas
mk,c2,zelenikovo
mk,c3,zelino
mk,f3,aerodrom
mk,f4,butel
mk,f5,debarca
ml,08,tombouctou
ml,06,sikasso
ml,05,segou
ml,04,mopti
ml,07,koulikoro
ml,03,kayes
ml,09,gao
ml,01,bamako
ml,10,kidal
mm,12,tanintharyi
mm,11,shan
mm,10,sagain
mm,17,yangon
mm,01,rakhine
mm,16,bago
mm,13,mon
mm,08,mandalay
mm,15,magway
mm,06,kayah
mm,05,kayin
mm,04,kachin
mm,03,ayeyarwady
mm,02,chin
mn,19,uvs
mn,12,hovd province
mn,10,govi-altay
mn,09,dzabkhan
mn,03,bayan-olgiy
mn,02,bayanhongor
mn,20,ulaanbaatar
mn,18,central aimak
mn,17,suhbaatar
mn,16,selenge
mn,15,oevoerhangay
mn,14,oemnoegovi
mn,13,hovsgol
mn,11,hentiy
mn,08,middle govi
mn,07,east gobi aymag
mn,06,east aimak
mn,21,bulgan province
mn,01,arhangay
mn,23,darhan uul
mn,24,govi-sumber
mn,25,orhon
mo,02,macau
mo,01,ilhas
mp,100,rota
mp,110,saipan
mp,120,tinian
mp,085,northern islands
mq,mq,martinique
mr,06,trarza
mr,11,tiris zemmour
mr,09,tagant
mr,nkc,nouakchott
mr,12,inchiri
mr,02,hodh el gharbi
mr,01,hodh ech chargui
mr,10,guidimaka
mr,04,gorgol
mr,08,dakhlet nouadhibou
mr,05,brakna
mr,03,assaba
mr,07,adrar
ms,03,saint peter
ms,02,saint georges
ms,01,saint anthony
mt,01,attard
mt,02,balzan
mt,03,il-birgu
mt,04,birkirkara
mt,05,birzebbuga
mt,06,bormla
mt,07,dingli
mt,08,il-fgura
mt,09,il-furjana
mt,10,il-fontana
mt,11,ghajnsielem
mt,12,l-gharb
mt,13,hal gharghur
mt,14,l-ghasri
mt,15,hal ghaxaq
mt,16,il-gudja
mt,17,il-gzira
mt,18,il-hamrun
mt,19,l-iklin
mt,20,l-imdina
mt,21,l-imgarr
mt,22,l-imqabba
mt,23,l-imsida
mt,24,l-imtarfa
mt,25,l-isla
mt,26,il-kalkara
mt,27,ta' kercem
mt,28,kirkop
mt,29,lija
mt,30,luqa
mt,31,il-marsa
mt,32,marsaskala
mt,33,marsaxlokk
mt,34,il-mellieha
mt,35,il-mosta
mt,36,il-munxar
mt,37,in-nadur
mt,38,in-naxxar
mt,39,paola
mt,40,pembroke
mt,41,tal-pieta
mt,42,il-qala
mt,43,qormi
mt,44,il-qrendi
mt,46,ir-rabat
mt,47,safi
mt,48,saint john
mt,49,saint julian
mt,50,saint lawrence
mt,51,saint lucia
mt,52,saint paul's bay
mt,53,saint venera
mt,54,sannat
mt,55,is-siggiewi
mt,56,tas-sliema
mt,57,is-swieqi
mt,58,tarxien
mt,59,ta' xbiex
mt,61,ix-xaghra
mt,62,ix-xewkija
mt,63,ix-xghajra
mt,64,haz-zabbar
mt,65,haz-zebbug
mt,66,iz-zebbug
mt,67,iz-zejtun
mt,68,iz-zurrieq
mt,60,il-belt valletta
mu,21,agalega islands
mu,20,savanne
mu,19,riviere du rempart
mu,18,port louis
mu,17,plaines wilhems
mu,16,pamplemousses
mu,15,moka
mu,14,grand port
mu,13,flacq
mu,12,black river
mu,22,cargados carajos
mu,23,rodrigues
mv,47,vaavu atholhu
mv,46,thaa atholhu
mv,45,shaviyani atholhu
mv,01,seenu
mv,44,raa atoll
mv,43,noonu atoll
mv,42,gnyaviyani atoll
mv,41,meemu atholhu
mv,39,lhaviyani atholhu
mv,05,laamu
mv,38,kaafu atoll
mv,37,haa dhaalu atholhu
mv,36,haa alifu atholhu
mv,35,gaafu dhaalu atholhu
mv,34,gaafu alifu atholhu
mv,33,faafu atholhu
mv,32,dhaalu atholhu
mv,31,baa atholhu
mv,30,northern ari atoll
mv,40,maale
mv,48,south province
mv,49,upper south province
mv,50,upper north province
mv,51,central province
mv,52,south central province
mv,53,north central province
mv,54,north province
mw,s,southern region
mw,n,northern region
mw,c,central region
mx,31,yucatan
mx,30,veracruz-llave
mx,29,tlaxcala
mx,28,tamaulipas
mx,27,tabasco
mx,23,quintana roo
mx,22,queretaro
mx,21,puebla
mx,20,oaxaca
mx,19,nuevo leon
mx,17,morelos
mx,15,mexico
mx,13,hidalgo
mx,12,guerrero
mx,09,the federal district
mx,05,chiapas
mx,04,campeche
mx,32,zacatecas
mx,26,sonora
mx,25,sinaloa
mx,24,san luis potosi
mx,18,nayarit
mx,16,michoacan
mx,14,jalisco
mx,11,guanajuato
mx,10,durango
mx,08,colima
mx,07,coahuila
mx,06,chihuahua
mx,03,baja california sur
mx,02,baja california
mx,01,aguascalientes
my,04,melaka
my,13,terengganu
my,12,selangor
my,11,sarawak
my,16,sabah
my,08,perlis
my,07,perak
my,06,pahang
my,05,negeri sembilan
my,03,kelantan
my,14,kuala lumpur
my,09,pulau pinang
my,02,kedah
my,01,johor
my,15,labuan
my,17,putrajaya
mz,09,zambezia
mz,08,tete
mz,05,sofala
mz,07,niassa
mz,06,nampula
mz,04,maputo
mz,10,manica
mz,03,inhambane
mz,02,gaza
mz,01,cabo delgado
mz,11,maputo city
na,28,caprivi
na,21,khomas
na,29,erongo
na,30,hardap
na,31,karas
na,32,kunene
na,33,ohangwena
na,34,okavango
na,35,omaheke
na,36,omusati
na,37,oshana
na,38,oshikoto
na,39,otjozondjupa
nc,02,south province
nc,01,north province
nc,03,loyalty islands
ne,07,zinder
ne,06,tahoua
ne,04,maradi
ne,03,dosso
ne,02,diffa
ne,01,agadez
ne,09,tillaberi
ne,08,niamey
ng,51,sokoto
ng,50,rivers
ng,49,plateau
ng,32,oyo
ng,48,ondo
ng,16,ogun
ng,31,niger
ng,05,lagos
ng,30,kwara
ng,24,katsina
ng,29,kano
ng,23,kaduna
ng,28,imo
ng,22,cross river
ng,27,borno
ng,26,benue
ng,46,bauchi
ng,25,anambra
ng,21,akwa ibom
ng,11,abuja federal capital territory
ng,45,abia
ng,36,delta
ng,35,adamawa
ng,37,edo
ng,47,enugu
ng,39,jigawa
ng,52,bayelsa
ng,53,ebonyi
ng,54,ekiti
ng,55,gombe
ng,56,nassarawa
ng,57,zamfara
ng,40,kebbi
ng,41,kogi
ng,42,osun
ng,43,taraba
ng,44,yobe
ni,15,rivas
ni,14,rio san juan
ni,13,nueva segovia
ni,12,matagalpa
ni,11,masaya
ni,10,managua
ni,09,madriz
ni,08,leon
ni,07,jinotega
ni,06,granada
ni,05,esteli
ni,04,chontales
ni,03,chinandega
ni,02,carazo
ni,01,boaco
ni,17,atlantico norte
ni,18,atlantico sur
nl,11,south holland
nl,10,zeeland
nl,09,utrecht
nl,15,overijssel
nl,07,north holland
nl,06,north brabant
nl,05,limburg
nl,04,groningen
nl,03,gelderland
nl,02,friesland
nl,01,drenthe
nl,16,flevoland
no,05,finnmark
no,20,vestfold
no,19,vest-agder
no,18,troms
no,17,telemark
no,16,sor-trondelag
no,15,sogn og fjordane
no,14,rogaland
no,13,ostfold
no,12,oslo
no,11,oppland
no,10,nord-trondelag
no,09,nordland
no,08,more og romsdal
no,07,hordaland
no,06,hedmark
no,04,buskerud
no,02,aust-agder
no,01,akershus
np,fr,far western
np,mr,mid western
np,cr,central region
np,er,eastern region
np,wr,western region
nr,14,yaren
nr,13,uaboe
nr,12,nibok
nr,11,meneng
nr,10,ijuw
nr,09,ewa
nr,08,denigomodu
nr,07,buada
nr,06,boe
nr,05,baiti
nr,04,anibare
nr,03,anetan
nr,02,anabar
nr,01,aiwo
nz,g2,wellington
nz,f3,manawatu-wanganui
nz,g1,waikato
nz,tas,tasman
nz,f9,taranaki
nz,f8,southland
nz,e8,bay of plenty
nz,f6,northland
nz,f4,marlborough
nz,f2,hawke's bay
nz,f1,gisborne
nz,e9,canterbury
nz,e7,auckland
nz,10,chatham islands
nz,f5,nelson
nz,f7,otago
nz,g3,west coast
om,01,ad dakhiliyah
om,02,al batinah
om,03,al wusta
om,04,ash sharqiyah
om,09,az zahirah
om,06,masqat
om,07,musandam
om,08,zufar
om,10,muhafazat al buraymi
om,12,muhafazat shamal ash sharqiyah
om,11,muhafazat shamal al batinah
pa,10,veraguas
pa,09,guna yala
pa,08,panama
pa,07,los santos
pa,06,herrera
pa,05,darien
pa,04,colon
pa,03,cocle
pa,02,chiriqui
pa,01,bocas del toro
pa,11,embera
pa,12,ngoebe-bugle
pe,25,ucayali
pe,24,tumbes
pe,22,san martin
pe,20,piura
pe,16,loreto
pe,14,lambayeque
pe,13,la libertad
pe,10,huanuco
pe,06,cajamarca
pe,02,ancash
pe,01,amazonas
pe,23,tacna
pe,21,puno
pe,19,pasco
pe,18,moquegua
pe,17,madre de dios
pe,lma,lima
pe,15,lima
pe,12,junin
pe,11,ica
pe,09,huancavelica
pe,08,cusco
pe,07,callao
pe,05,ayacucho
pe,04,arequipa
pe,03,apurimac
pf,04,iles marquises
pf,03,iles tuamotu-gambier
pf,02,iles sous-le-vent
pf,01,iles du vent
pf,05,iles australes
pg,17,west new britain
pg,06,western province
pg,16,western highlands
pg,05,southern highlands
pg,18,sandaun
pg,07,bougainville
pg,04,northern province
pg,15,new ireland
pg,20,national capital district
pg,14,morobe
pg,13,manus
pg,12,madang
pg,02,gulf
pg,19,enga
pg,11,east sepik
pg,10,east new britain
pg,09,eastern highlands
pg,08,chimbu
pg,03,milne bay
pg,01,central province
pg,21,hela
pg,22,jiwaka
ph,14,autonomous region in muslim mindanao
ph,10,northern mindanao
ph,41,mimaropa
ph,02,cagayan valley
ph,12,soccsksargen
ph,13,caraga
ph,15,cordillera administrative region
ph,01,ilocos
ph,40,calabarzon
ph,06,western visayas
ph,03,central luzon
ph,07,central visayas
ph,08,eastern visayas
ph,09,zamboanga peninsula
ph,11,davao
ph,05,bicol
ph,ncr,metro manila
pk,08,islamabad
pk,05,sindh
pk,04,punjab
pk,03,khyber pakhtunkhwa
pk,07,gilgit-baltistan
pk,01,federally administered tribal areas
pk,02,balochistan
pk,06,azad kashmir
pl,75,lublin voivodeship
pl,77,lesser poland voivodeship
pl,78,masovian voivodeship
pl,80,subcarpathian voivodeship
pl,81,podlasie
pl,84,swietokrzyskie
pl,85,warmian-masurian voivodeship
pl,72,lower silesian voivodeship
pl,74,lodz voivodeship
pl,76,lubusz
pl,79,opole voivodeship
pl,82,pomeranian voivodeship
pl,83,silesian voivodeship
pl,86,greater poland voivodeship
pl,87,west pomeranian voivodeship
pl,73,kujawsko-pomorskie
pm,97502,saint-pierre
pm,97501,miquelon-langlade
pr,001,adjuntas
pr,003,aguada
pr,005,aguadilla
pr,007,aguas buenas
pr,009,aibonito
pr,011,anasco
pr,013,arecibo
pr,015,arroyo
pr,017,barceloneta
pr,019,barranquitas
pr,021,bayamon
pr,023,cabo rojo
pr,025,caguas
pr,027,camuy
pr,029,canovanas
pr,031,carolina
pr,033,catano
pr,035,cayey
pr,037,ceiba
pr,039,ciales
pr,041,cidra
pr,043,coamo
pr,045,comerio
pr,047,corozal
pr,049,culebra
pr,051,dorado
pr,053,fajardo
pr,054,florida
pr,055,guanica
pr,057,guayama
pr,059,guayanilla
pr,061,guaynabo
pr,063,gurabo
pr,065,hatillo
pr,067,hormigueros
pr,069,humacao
pr,071,isabela
pr,073,municipio de jayuya
pr,075,juana diaz
pr,077,municipio de juncos
pr,079,lajas
pr,081,lares
pr,083,las marias
pr,085,las piedras
pr,087,loiza
pr,089,luquillo
pr,091,manati
pr,093,maricao
pr,095,maunabo
pr,097,mayaguez
pr,099,moca
pr,101,morovis
pr,103,naguabo
pr,105,naranjito
pr,107,orocovis
pr,109,patillas
pr,111,penuelas
pr,113,ponce
pr,117,rincon
pr,115,quebradillas
pr,119,rio grande
pr,121,sabana grande
pr,123,salinas
pr,125,san german
pr,127,san juan
pr,129,san lorenzo
pr,131,san sebastian
pr,133,santa isabel municipio
pr,135,toa alta
pr,137,toa baja
pr,139,trujillo alto
pr,141,utuado
pr,143,vega alta
pr,145,vega baja
pr,149,villalba
pr,151,yabucoa
pr,153,yauco
pr,147,vieques
ps,gz,gaza strip
ps,we,west bank
pt,19,setubal
pt,18,santarem
pt,16,portalegre
pt,14,lisbon
pt,13,leiria
pt,09,faro
pt,08,evora
pt,06,castelo branco
pt,03,beja
pt,10,madeira
pt,22,viseu
pt,21,vila real
pt,20,viana do castelo
pt,17,porto
pt,11,guarda
pt,07,coimbra
pt,05,braganca
pt,04,braga
pt,02,aveiro
pt,23,azores
pw,11,ngatpang
pw,16,sonsorol
pw,05,kayangel
pw,04,hatohobei
pw,01,aimeliik
pw,02,airai
pw,03,angaur
pw,06,koror
pw,07,melekeok
pw,08,ngaraard
pw,12,ngchesar
pw,09,ngarchelong
pw,10,ngardmau
pw,13,ngaremlengui
pw,14,ngiwal
pw,15,peleliu
py,17,san pedro
py,16,presidente hayes
py,15,paraguari
py,13,neembucu
py,12,misiones
py,11,itapua
py,10,guaira
py,08,cordillera
py,07,concepcion
py,06,central
py,19,canindeyu
py,05,caazapa
py,04,caaguazu
py,02,amambay
py,01,alto parana
py,23,alto paraguay
py,22,asuncion
py,24,boqueron
qa,08,madinat ash shamal
qa,02,al ghuwayriyah
qa,04,al khawr
qa,09,umm salal
qa,03,al jumayliyah
qa,06,ar rayyan
qa,01,ad dawhah
qa,10,al wakrah
qa,11,jarayan al batinah
qa,12,baladiyat umm sa`id
qa,13,baladiyat az za`ayin
re,re,reunion
ro,40,vrancea
ro,39,valcea
ro,38,vaslui
ro,37,tulcea
ro,36,timis
ro,35,teleorman
ro,34,suceava
ro,33,sibiu
ro,32,satu mare
ro,31,salaj
ro,30,prahova
ro,29,olt
ro,28,neamt
ro,27,mures
ro,26,mehedinti
ro,25,maramures
ro,23,iasi
ro,22,ialomita
ro,21,hunedoara
ro,20,harghita
ro,19,gorj
ro,42,giurgiu
ro,18,galati
ro,17,dolj
ro,16,dambovita
ro,15,covasna
ro,14,constanta
ro,13,cluj
ro,12,caras-severin
ro,41,calarasi
ro,11,buzau
ro,10,bucuresti
ro,09,brasov
ro,08,braila
ro,07,botosani
ro,06,bistrita-nasaud
ro,05,bihor
ro,04,bacau
ro,03,arges
ro,02,arad
ro,01,alba
ro,43,ilfov
rs,vo,autonomna pokrajina vojvodina
rs,se,central serbia
ru,88,jaroslavl
ru,86,voronezj
ru,85,vologda
ru,84,volgograd
ru,81,ulyanovsk oblast
ru,80,udmurtiya
ru,77,tverskaya
ru,76,tula
ru,73,tatarstan
ru,72,tambov
ru,70,stavropol'skiy
ru,69,smolensk
ru,67,saratov
ru,65,samara
ru,62,rjazan
ru,61,rostov
ru,60,pskov
ru,90,perm
ru,57,penza
ru,56,orjol
ru,55,orenburg
ru,52,novgorod
ru,68,north ossetia
ru,50,nenetskiy avtonomnyy okrug
ru,49,murmansk
ru,48,moscow
ru,47,moskovskaya
ru,46,mordoviya
ru,45,mariy-el
ru,43,lipetsk
ru,42,leningrad
ru,66,st.-petersburg
ru,41,kursk
ru,38,krasnodarskiy
ru,37,kostroma
ru,34,komi republic
ru,33,kirov
ru,28,kareliya
ru,27,karachayevo-cherkesiya
ru,25,kaluga
ru,24,kalmykiya
ru,23,kaliningrad
ru,22,kabardino-balkariya
ru,21,ivanovo
ru,19,ingushetiya
ru,51,nizjnij novgorod
ru,17,dagestan
ru,16,chuvashia
ru,12,chechnya
ru,10,brjansk
ru,09,belgorod
ru,08,bashkortostan
ru,07,astrakhan
ru,06,arkhangelskaya
ru,01,adygeya
ru,83,vladimir
ru,87,yamalo-nenetskiy avtonomnyy okrug
ru,78,tjumen
ru,79,tyva
ru,75,tomsk
ru,71,sverdlovsk
ru,54,omsk
ru,53,novosibirsk
ru,40,kurgan
ru,91,krasnoyarskiy
ru,32,khanty-mansiyskiy avtonomnyy okrug
ru,31,khakasiya
ru,29,kemerovo
ru,03,altay
ru,13,chelyabinsk
ru,04,altayskiy
ru,63,sakha
ru,59,primorskiy
ru,30,khabarovsk krai
ru,20,irkutsk
ru,89,jewish autonomous oblast
ru,05,amur
ru,11,buryatiya
ru,64,sakhalin
ru,44,magadan
ru,92,kamtsjatka
ru,15,chukotskiy avtonomnyy okrug
ru,93,zabaykalsky
rw,11,eastern province
rw,12,kigali
rw,13,northern province
rw,14,western province
rw,15,southern province
sa,19,tabuk
sa,16,najran
sa,14,makkah
sa,17,jizan
sa,13,mintaqat ha'il
sa,11,mintaqat `asir
sa,06,eastern province
sa,10,riyadh province
sa,08,al-qassim
sa,05,al madinah
sa,20,al jawf
sa,15,northern borders
sa,02,al bahah
sb,11,western province
sb,03,malaita
sb,07,isabel
sb,06,guadalcanal
sb,10,central province
sb,09,temotu
sb,08,makira
sb,12,choiseul
sb,13,rennell and bellona
sc,23,takamaka
sc,22,saint louis
sc,27,port glaud
sc,20,pointe larue
sc,19,plaisance
sc,18,mont fleuri
sc,17,mont buxton
sc,26,english river
sc,25,inner islands
sc,24,grand anse mahe
sc,14,grand anse praslin
sc,12,glacis
sc,11,cascade
sc,10,bel ombre
sc,09,bel air
sc,08,beau vallon
sc,07,baie sainte anne
sc,06,baie lazare
sc,05,anse royale
sc,03,anse etoile
sc,02,anse boileau
sc,01,anse aux pins
sc,29,les mamelles
sc,30,roche caiman
sc,28,au cap
sd,43,northern state
sd,29,khartoum state
sd,36,red sea
sd,38,al jazirah
sd,39,al qadarif
sd,41,white nile
sd,42,blue nile
sd,47,western darfur
sd,49,southern darfur
sd,50,southern kordofan
sd,52,kassala
sd,53,river nile
sd,55,northern darfur
sd,56,shamal kurdufan
sd,58,sinnar
sd,60,eastern darfur
sd,61,central darfur
se,14,norrbotten
se,25,vaestmanland
se,24,vaesternorrland
se,23,vaesterbotten
se,22,vaermland
se,21,uppsala
se,26,stockholm
se,18,soedermanland
se,16,oestergoetland
se,15,oerebro
se,12,kronoberg
se,10,dalarna
se,09,kalmar
se,08,joenkoeping
se,07,jaemtland
se,06,halland
se,05,gotland
se,03,gaevleborg
se,02,blekinge
se,27,skane
se,28,vaestra goetaland
sg,01,central singapore
sg,02,north east
sg,04,south east
sg,05,south west
sg,03,north west
sh,01,ascension
sh,03,tristan da cunha
sh,02,saint helena
si,n5,zalec
si,e7,zagorje ob savi
si,e5,vrhnika
si,d5,trzic
si,d4,trebnje
si,d3,trbovlje
si,d2,tolmin
si,d7,velenje
si,c5,smarje pri jelsah
si,c4,slovenska konjice
si,l8,slovenska bistrica
si,c2,slovenj gradec
si,b9,skofja loka
si,b7,sezana
si,b6,sevnica
si,l7,sentjur pri celju
si,l1,ribnica
si,a3,radovljica
si,a2,radlje ob dravi
si,k7,ptuj
si,94,postojna
si,j9,piran-pirano
si,87,ormoz
si,j7,novo mesto
si,84,nova gorica
si,80,murska sobota
si,79,mozirje
si,73,metlika
si,j2,maribor
si,64,logatec
si,i6,ljutomer
si,i5,litija
si,i3,lenart
si,57,lasko
si,54,krsko
si,52,kranj
si,50,koper-capodistria
si,h7,kocevje
si,h6,kamnik
si,h4,jesenice
si,40,izola-isola
si,38,ilirska bistrica
si,36,idrija
si,34,hrastnik
si,32,grosuplje
si,29,gornja radgona
si,25,dravograd
si,g7,domzale
si,17,crnomelj
si,13,cerknica
si,11,celje
si,08,brezice
si,01,ajdovscina
si,35,hrpelje-kozina
si,19,divaca
si,91,pivka
si,i7,loska dolina
si,66,loski potok
si,88,osilnica
si,d8,velike lasce
si,c1,skofljica
si,37,ig
si,09,brezovica
si,05,borovnica
si,e1,vipava
si,49,komen
si,j5,miren-kostanjevica
si,07,brda
si,44,kanal
si,f2,ziri
si,14,cerkno
si,f1,zelezniki
si,27,gorenja vas-poljane
si,g4,dobrova-horjul-polhov gradec
si,46,kobarid
si,06,bovec
si,04,bohinj
si,03,bled
si,82,naklo
si,53,kranjska gora
si,k5,preddvor
si,12,cerklje na gorenjskem
si,b2,sencur
si,e3,vodice
si,71,medvode
si,72,menges
si,22,dol pri ljubljani
si,77,moravce
si,30,gornji grad
si,i9,luce
si,k8,ravne na koroskem
si,74,mezica
si,81,muta
si,e6,vuzenica
si,16,crna na koroskem
si,62,ljubno
si,c7,sostanj
si,c6,smartno ob paki
si,68,lukovica
si,99,radece
si,39,ivancna gorica
si,20,dobrepolje
si,b1,semic
si,b4,sentjernej
si,b8,skocjan
si,c9,store
si,n3,vojnik
si,e2,vitanje
si,f3,zrece
si,76,mislinja
si,l3,ruse
si,55,kungota
si,b3,sentilj
si,89,pesnica
si,26,duplek
si,98,race-fram
si,c8,starse
si,45,kidricevo
si,j1,majsperk
si,n2,videm
si,a7,rogaska slatina
si,a8,rogatec
si,92,podcetrtek
si,51,kozje
si,28,gorisnica
si,e9,zavrc
si,24,dornava
si,42,jursinci
si,d1,sveti jurij
si,a1,radenci
si,97,puconci
si,a6,rogasovci
si,i2,kuzma
si,31,gornji petrovci
si,78,moravske toplice
si,47,kobilje
si,02,beltinci
si,d6,turnisce
si,86,odranci
si,15,crensovci
si,83,nazarje
si,61,ljubljana
si,n7,zirovnica
si,h5,jezersko
si,m2,solcava
si,h8,komenda
si,h3,horjul
si,l6,sempeter-vrtojba
si,f6,bloke
si,m1,sodrazica
si,m8,trzin
si,k6,prevalje
si,n4,vransko
si,m5,tabor
si,f7,braslovce
si,k3,polzela
si,k4,prebold
si,h9,kostel
si,n8,zuzemberk
si,g6,dolenjske toplice
si,j6,mirna pec
si,f5,bistrica ob sotli
si,g2,dobje
si,g3,dobrna
si,j8,oplotnica
si,k2,podvelka
si,l2,ribnica na pohorju
si,i8,lovrenc na pohorju
si,l5,selnica ob dravi
si,h1,hoce-slivnica
si,j4,miklavz na dravskem polju
si,g9,hajdina
si,n6,zetale
si,k1,podlehnik
si,j3,markovci
si,g1,destrnik
si,m7,trnovska vas
si,m4,sveti andraz v slovenskih goricah
si,f9,cerkvenjak
si,f4,benedikt
si,m3,sveta ana
si,i1,krizevci
si,n1,verzej
si,m9,velika polana
si,i4,lendava-lendva
si,g5,dobrovnik-dobronak
si,m6,tisina
si,f8,cankova
si,g8,grad
si,h2,hodos-hodos
si,k9,razkrizje
si,l9,smartno pri litiji
si,l4,salovci
si,n9,apace
si,o1,cirkulane
si,o3,kostanjevica na krki
si,o4,log-dragomer
si,o5,makole
si,o7,mokronog-trebelno
si,o8,poljcane
si,o9,recica ob savinji
si,p1,rence-vogrsko
si,p4,sredisce ob dravi
si,p5,straza
si,p6,sveta trojica v slovenskih goricah
si,p8,sveti tomaz
si,p2,sentrupert
si,p3,smarjeske toplice
si,p7,sveti jurij v slovenskih goricah
sj,22,jan mayen
sj,21,svalbard
sk,03,kosicky
sk,05,presovsky
sk,08,zilinsky
sk,01,banskobystricky
sk,02,bratislavsky
sk,04,nitriansky
sk,06,trenciansky
sk,07,trnavsky
sl,04,western area
sl,03,southern province
sl,02,northern province
sl,01,eastern province
sm,09,serravalle
sm,02,chiesanuova
sm,07,san marino
sm,01,acquaviva
sm,06,borgo maggiore
sm,03,domagnano
sm,04,faetano
sm,05,fiorentino
sm,08,montegiardino
sn,12,ziguinchor
sn,07,thies
sn,05,tambacounda
sn,14,saint-louis
sn,15,matam
sn,13,louga
sn,11,kolda
sn,10,kaolack
sn,09,fatick
sn,03,diourbel
sn,01,dakar
sn,16,kaffrine
sn,17,kedougou
sn,18,sedhiou
so,20,woqooyi galbeed
so,19,togdheer
so,14,lower shabeelle
so,13,middle shabele
so,12,sanaag
so,18,nugaal
so,10,mudug
so,09,lower juba
so,08,middle juba
so,07,hiiraan
so,06,gedo
so,05,galguduud
so,04,bay
so,03,bari
so,02,banaadir
so,01,bakool
so,21,awdal
so,22,sool
sr,19,wanica
sr,18,sipaliwini
sr,17,saramacca
sr,16,paramaribo
sr,15,para
sr,14,nickerie
sr,13,marowijne
sr,12,coronie
sr,11,commewijne
sr,10,brokopondo
ss,07,upper nile
ss,04,lakes
ss,06,unity
ss,01,central equatoria
ss,10,western equatoria
ss,09,western bahr al ghazal
ss,03,jonglei
ss,05,northern bahr al ghazal
ss,02,eastern equatoria
ss,08,warrap
st,02,sao tome island
st,01,principe
sv,14,usulutan
sv,13,sonsonate
sv,12,san vicente
sv,11,santa ana
sv,10,san salvador
sv,09,san miguel
sv,08,morazan
sv,07,la union
sv,06,la paz
sv,05,la libertad
sv,04,cuscatlan
sv,03,chalatenango
sv,02,cabanas
sv,01,ahuachapan
sy,14,tartus
sy,13,damascus city
sy,12,idlib
sy,11,homs
sy,10,hama
sy,09,aleppo
sy,08,rif-dimashq
sy,07,deir ez-zor
sy,06,daraa
sy,05,as-suwayda
sy,04,ar-raqqah
sy,03,quneitra
sy,02,latakia
sy,01,al-hasakah
sz,04,shiselweni
sz,03,manzini
sz,02,lubombo
sz,01,hhohho
td,13,salamat
td,12,ouaddai
td,02,biltine
td,14,tandjile
td,17,moyen-chari
td,16,mayo-kebbi est
td,09,logone oriental
td,08,logone occidental
td,07,lac
td,06,kanem
td,05,guera
td,15,chari-baguirmi
td,01,batha
td,23,borkou
td,18,hadjer-lamis
td,19,mandoul
td,20,mayo-kebbi ouest
td,21,ville de n'djamena
td,22,barh el gazel
td,24,ennedi
td,25,sila
td,26,tibesti
td,28,ennedi-ouest
td,27,ennedi-est
tf,02,crozet
tf,03,kerguelen
tf,01,saint-paul-et-amsterdam
tf,05,iles eparses
tf,04,terre-adelie
tg,26,savanes
tg,25,plateaux
tg,24,maritime
tg,22,centrale
tg,23,kara
th,15,uthai thani
th,65,trang
th,08,tak
th,60,surat thani
th,09,sukhothai
th,52,ratchaburi
th,59,ranong
th,57,prachuap khiri khan
th,62,phuket
th,56,phetchaburi
th,61,phangnga
th,01,mae hong son
th,05,lamphun
th,06,lampang
th,63,krabi
th,50,kanchanaburi
th,11,kamphaeng phet
th,58,chumphon
th,03,chiang rai
th,02,chiang mai
th,72,yasothon
th,70,yala
th,10,uttaradit
th,49,trat
th,29,surin
th,51,suphan buri
th,68,songkhla
th,30,sisaket
th,33,sing buri
th,67,satun
th,37,sara buri
th,54,samut songkhram
th,55,samut sakhon
th,42,samut prakan
th,20,sakon nakhon
th,25,roi et
th,47,rayong
th,36,phra nakhon si ayutthaya
th,07,phrae
th,12,phitsanulok
th,13,phichit
th,14,phetchabun
th,41,phayao
th,66,phatthalung
th,69,pattani
th,39,pathum thani
th,38,nonthaburi
th,17,nong khai
th,31,narathiwat
th,04,nan
th,64,nakhon si thammarat
th,16,nakhon sawan
th,27,nakhon ratchasima
th,73,nakhon phanom
th,53,nakhon pathom
th,43,nakhon nayok
th,78,mukdahan
th,24,maha sarakham
th,34,lop buri
th,18,loei
th,40,bangkok
th,22,khon kaen
th,23,kalasin
th,46,chon buri
th,48,chanthaburi
th,26,chaiyaphum
th,32,chai nat
th,44,chachoengsao
th,28,buriram
th,35,ang thong
th,76,changwat udon thani
th,74,prachin buri
th,75,changwat ubon ratchathani
th,77,amnat charoen
th,79,changwat nong bua lamphu
th,80,sa kaeo
th,81,changwat bueng kan
tj,03,viloyati sughd
tj,01,gorno-badakhshan
tj,02,khatlon
tj,rr,region of republican subordination
tj,7280679,dushanbe
tk,n,nukunonu
tk,f,fakaofo
tk,a,atafu
tl,vi,viqueque
tl,mf,manufahi
tl,mt,manatuto
tl,li,liquica
tl,la,lautem
tl,co,cova lima
tl,er,ermera
tl,di,dili
tl,bo,bobonaro
tl,ba,baucau
tl,oe,oecusse
tl,an,ainaro
tl,al,aileu
tm,02,balkan
tm,01,ahal
tm,03,dasoguz
tm,05,mary
tm,04,lebap
tn,37,zaghwan
tn,36,tunis
tn,35,tawzar
tn,34,tatawin
tn,23,susah
tn,22,silyanah
tn,33,sidi bu zayd
tn,32,safaqis
tn,31,qibili
tn,30,qafsah
tn,29,qabis
tn,19,nabul
tn,28,madanin
tn,06,jundubah
tn,27,bin 'arus
tn,18,banzart
tn,17,bajah
tn,38,ariana
tn,03,al qayrawan
tn,02,al qasrayn
tn,16,al munastir
tn,15,al mahdiyah
tn,14,kef
tn,39,manouba
to,03,vava`u
to,02,tongatapu
to,01,ha`apai
to,eu,eua
to,ni,niuas
tr,66,yozgat
tr,65,van
tr,64,usak
tr,63,sanliurfa
tr,62,tunceli
tr,58,sivas
tr,74,siirt
tr,73,nigde
tr,50,nevsehir
tr,49,mus
tr,48,mugla
tr,72,mardin
tr,45,manisa
tr,44,malatya
tr,43,kuetahya
tr,71,konya
tr,40,kirsehir
tr,38,kayseri
tr,46,kahramanmaras
tr,35,izmir
tr,33,isparta
tr,32,mersin
tr,31,hatay
tr,70,hakkari
tr,83,gaziantep
tr,26,eskisehir
tr,25,erzurum
tr,24,erzincan
tr,23,elazig
tr,21,diyarbakir
tr,20,denizli
tr,15,burdur
tr,13,bitlis
tr,12,bingoel
tr,11,bilecik
tr,10,balikesir
tr,09,aydin
tr,07,antalya
tr,68,ankara
tr,04,agri
tr,03,afyonkarahisar
tr,02,adiyaman
tr,81,adana
tr,91,osmaniye
tr,88,igdir
tr,75,aksaray
tr,76,batman
tr,78,karaman
tr,79,kirikkale
tr,80,sirnak
tr,90,kilis
tr,85,zonguldak
tr,61,trabzon
tr,60,tokat
tr,59,tekirdag
tr,57,sinop
tr,55,samsun
tr,54,sakarya
tr,53,rize
tr,52,ordu
tr,41,kocaeli
tr,39,kirklareli
tr,37,kastamonu
tr,84,kars
tr,34,istanbul
tr,69,gumushane
tr,28,giresun
tr,22,edirne
tr,19,corum
tr,82,cankiri
tr,17,canakkale
tr,16,bursa
tr,14,bolu
tr,08,artvin
tr,05,amasya
tr,87,bartin
tr,89,karabuk
tr,92,yalova
tr,86,ardahan
tr,77,bayburt
tr,93,duzce
tt,11,tobago
tt,10,city of san fernando
tt,05,city of port of spain
tt,03,mayaro
tt,01,borough of arima
tt,cha,chaguanas
tt,ctt,couva-tabaquite-talparo
tt,dmn,diego martin
tt,eto,eastern tobago
tt,ped,penal/debe
tt,prt,princes town
tt,ptf,point fortin
tt,sge,sangre grande
tt,sip,siparia
tt,sjl,san juan/laventille
tt,tup,tunapuna/piarco
tv,nui,nui
tv,nma,nanumea
tv,fun,funafuti
tv,nit,niutao
tv,nmg,nanumanga
tv,vai,vaitupu
tv,nkf,nukufetau
tv,nkl,nukulaelae
tw,01,fukien
tw,02,kaohsiung
tw,03,taipei
tw,04,taiwan
tz,19,kagera
tz,25,zanzibar urban/west
tz,22,zanzibar north
tz,21,zanzibar central/south
tz,18,tanga
tz,17,tabora
tz,16,singida
tz,15,shinyanga
tz,24,rukwa
tz,02,pwani
tz,20,pemba south
tz,13,pemba north
tz,12,mwanza
tz,10,morogoro
tz,09,mbeya
tz,08,mara
tz,07,lindi
tz,06,kilimanjaro
tz,05,kigoma
tz,04,iringa
tz,03,dodoma
tz,23,dar es salaam
tz,26,arusha
tz,27,manyara
tz,14,ruvuma
tz,11,mtwara
tz,31,simiyu
tz,28,geita
tz,29,katavi
tz,30,njombe
ua,27,zhytomyr
ua,26,zaporiz'ka oblast'
ua,25,zakarpattia
ua,24,volyn
ua,23,vinnyts'ka
ua,22,ternopil
ua,21,sumy
ua,20,misto sevastopol'
ua,19,rivne
ua,18,poltava
ua,17,odessa
ua,16,mykolaiv
ua,15,lviv
ua,14,luhansk
ua,13,kyiv oblast
ua,12,kyiv city
ua,11,avtonomna respublika krym
ua,10,kirovohrad
ua,09,khmelnytskyi
ua,08,kherson
ua,07,kharkiv
ua,06,ivano-frankivsk
ua,05,donetsk
ua,04,dnipropetrovsk
ua,03,chernivets'ka oblast'
ua,02,chernihivs'ka oblast'
ua,01,cherkasy
ug,c,central region
ug,e,eastern region
ug,n,northern region
ug,w,western region
um,450,wake island
um,350,navassa island
um,050,baker island
um,100,howland island
um,150,jarvis island
um,200,johnston atoll
um,250,kingman reef
um,300,midway islands
um,400,palmyra atoll
us,ar,arkansas
us,dc,washington  d.c.
us,de,delaware
us,fl,florida
us,ga,georgia
us,ks,kansas
us,la,louisiana
us,md,maryland
us,mo,missouri
us,ms,mississippi
us,nc,north carolina
us,ok,oklahoma
us,sc,south carolina
us,tn,tennessee
us,tx,texas
us,wv,west virginia
us,al,alabama
us,ct,connecticut
us,ia,iowa
us,il,illinois
us,in,indiana
us,me,maine
us,mi,michigan
us,mn,minnesota
us,ne,nebraska
us,nh,new hampshire
us,nj,new jersey
us,ny,new york
us,oh,ohio
us,ri,rhode island
us,vt,vermont
us,wi,wisconsin
us,ca,california
us,co,colorado
us,nm,new mexico
us,nv,nevada
us,ut,utah
us,az,arizona
us,id,idaho
us,mt,montana
us,nd,north dakota
us,or,oregon
us,sd,south dakota
us,wa,washington
us,wy,wyoming
us,hi,hawaii
us,ak,alaska
us,ky,kentucky
us,ma,massachusetts
us,pa,pennsylvania
us,va,virginia
uy,19,treinta y tres
uy,18,tacuarembo
uy,17,soriano
uy,16,san jose
uy,15,salto
uy,14,rocha
uy,13,rivera
uy,12,rio negro
uy,11,paysandu
uy,10,montevideo
uy,09,maldonado
uy,08,lavalleja
uy,07,florida
uy,06,flores
uy,05,durazno
uy,04,colonia
uy,03,cerro largo
uy,02,canelones
uy,01,artigas
uz,09,karakalpakstan
uz,12,surxondaryo
uz,10,samarqand
uz,08,qashqadaryo
uz,02,bukhara
uz,14,toshkent
uz,13,toshkent shahri
uz,16,sirdaryo
uz,07,navoiy
uz,06,namangan
uz,05,xorazm
uz,15,jizzax
uz,03,fergana
uz,01,andijon
vc,05,saint patrick
vc,04,saint george
vc,03,saint david
vc,02,saint andrew
vc,06,grenadines
vc,01,charlotte
ve,23,zulia
ve,22,estado yaracuy
ve,21,trujillo
ve,20,tachira
ve,19,sucre
ve,18,portuguesa
ve,17,nueva esparta
ve,16,monagas
ve,15,miranda
ve,14,merida
ve,13,lara
ve,12,guarico
ve,24,dependencias federales
ve,25,distrito federal
ve,11,falcon
ve,09,delta amacuro
ve,08,cojedes
ve,07,carabobo
ve,06,bolivar
ve,05,barinas
ve,04,aragua
ve,03,apure
ve,02,anzoategui
ve,01,amazonas
ve,26,vargas
vi,010,saint croix island
vi,020,saint john island
vi,030,saint thomas island
vn,58,nghe an
vn,59,ninh binh
vn,60,ninh thuan
vn,65,soc trang
vn,67,tra vinh
vn,68,tuyen quang
vn,69,vinh long
vn,70,yen bai
vn,90,lao cai
vn,37,tien giang
vn,66,thua thien-hue
vn,55,kon tum
vn,34,thanh hoa
vn,35,thai binh
vn,33,tay ninh
vn,32,son la
vn,64,quang tri
vn,30,quang ninh
vn,63,quang ngai
vn,62,quang binh
vn,61,phu yen
vn,53,hoa binh
vn,24,long an
vn,39,lang son
vn,23,lam dong
vn,89,lai chau
vn,21,kien giang
vn,54,khanh hoa
vn,20,ho chi minh city
vn,52,ha tinh
vn,50,ha giang
vn,49,gia lai
vn,44,ha noi
vn,87,can tho
vn,13,hai phong
vn,47,binh thuan
vn,09,dong thap
vn,43,dong nai
vn,88,dac lak
vn,45,ba ria-vung tau
vn,05,cao bang
vn,46,binh dinh
vn,03,ben tre
vn,01,an giang
vn,91,dak nong
vn,92,huyen dien bien
vn,74,bac ninh
vn,71,bac giang
vn,78,da nang
vn,75,binh duong
vn,76,binh phuoc
vn,85,thai nguyen
vn,84,quang nam
vn,83,phu tho
vn,82,nam dinh
vn,80,ha nam
vn,72,bac kan
vn,73,bac lieu
vn,77,ca mau
vn,79,hai duong
vn,81,hung yen
vn,86,vinh phuc
vn,93,hau giang
vu,15,tafea
vu,13,sanma
vu,07,torba
vu,16,malampa
vu,17,penama
vu,18,shefa
wf,98613,circonscription d'uvea
wf,98612,circonscription de sigave
wf,98611,circonscription d'alo
ws,11,vaisigano
ws,06,va`a-o-fonoti
ws,10,tuamasaga
ws,09,satupa`itea
ws,08,palauli
ws,07,gagaifomauga
ws,05,gaga`emauga
ws,04,fa`asaleleaga
ws,03,atua
ws,02,aiga-i-le-tai
ws,01,a'ana
xk,28,vushtrri
xk,27,komuna e vitise
xk,03,komuna e ferizajt
xk,15,komuna e mitrovices
xk,26,komuna e therandes
xk,25,komuna e skenderajt
xk,21,prizren
xk,20,komuna e prishtines
xk,19,podujevo
xk,18,komuna e pejes
xk,22,orahovac
xk,13,lipjan
xk,12,komuna e leposaviqit
xk,10,kamenica
xk,11,komuna e klines
xk,09,komuna e kacanikut
xk,08,komuna e istogut
xk,06,komuna e gjilanit
xk,07,komuna e drenasit
xk,02,komuna e dragashit
xk,01,komuna e decanit
xk,05,komuna e gjakoves
xk,04,kosovo polje
xk,23,opstina strpce
xk,24,komuna e shtimes
xk,16,novo brdo
xk,17,komuna e obiliqit
xk,14,komuna e malisheves
xk,29,komuna e zubin potokut
xk,30,opstina zvecan
xk,31,komuna e gracanices
xk,32,hani i elezit
xk,33,komuna e junikut
xk,34,komuna e kllokotit
xk,35,komuna e mamushes
xk,36,komuna e parteshit
xk,37,komuna e ranillugut
ye,25,muhafazat ta`izz
ye,05,shabwah
ye,16,sanaa
ye,15,muhafazat sa`dah
ye,27,muhafazat raymah
ye,14,muhafazat ma'rib
ye,10,al mahwit
ye,21,muhafazat al jawf
ye,04,hadramawt
ye,11,muhafazat dhamar
ye,03,al mahrah
ye,08,al hudaydah
ye,20,muhafazat al bayda'
ye,02,aden
ye,01,abyan
ye,18,muhafazat ad dali`
ye,19,omran
ye,22,muhafazat hajjah
ye,23,ibb
ye,24,muhafazat lahij
ye,26,amanat al asimah
yt,97601,acoua
yt,97602,bandraboua
yt,97603,bandrele
yt,97604,boueni
yt,97605,chiconi
yt,97606,chirongui
yt,97607,dembeni
yt,97608,dzaoudzi
yt,97609,kani-keli
yt,97610,koungou
yt,97611,mamoudzou
yt,97612,mtsamboro
yt,97613,m'tsangamouji
yt,97614,ouangani
yt,97615,pamandzi
yt,97616,sada
yt,97617,tsingoni
za,03,orange free state
za,02,kwazulu-natal
za,05,province of eastern cape
za,06,gauteng
za,07,mpumalanga
za,08,northern cape
za,09,limpopo
za,10,north-west
za,11,western cape
zm,01,western
zm,07,southern
zm,06,north-western
zm,05,northern
zm,09,lusaka
zm,04,luapula
zm,03,eastern
zm,08,copperbelt
zm,02,central
zw,02,midlands
zw,07,matabeleland south
zw,06,matabeleland north
zw,08,masvingo
zw,05,mashonaland west
zw,04,mashonaland east
zw,03,mashonaland central
zw,01,manicaland
zw,09,bulawayo
zw,10,harare
